Id,Name,Age
1,Name_1,21
2,Name_2,22
3,Name_3,23
4,Name_4,24
5,Name_5,25
6,Name_6,26
7,Name_7,27
8,Name_8,28
9,Name_9,29
10,Name_10,20
11,Name_11,21
12,Name_12,22
13,Name_13,23
14,Name_14,24
15,Name_15,25
16,Name_16,26
17,Name_17,27
18,Name_18,28
19,Name_19,29
20,Name_20,20
21,Name_21,21
22,Name_22,22
23,Name_23,23
24,Name_24,24
25,Name_25,25
26,Name_26,26
27,Name_27,27
28,Name_28,28
29,Name_29,29
30,Name_30,20
31,Name_31,21
32,Name_32,22
33,Name_33,23
34,Name_34,24
35,Name_35,25
36,Name_36,26
37,Name_37,27
38,Name_38,28
39,Name_39,29
40,Name_40,20
41,Name_41,21
42,Name_42,22
43,Name_43,23
44,Name_44,24
45,Name_45,25
46,Name_46,26
47,Name_47,27
48,Name_48,28
49,Name_49,29
50,Name_50,20
51,Name_51,21
52,Name_52,22
53,Name_53,23
54,Name_54,24
55,Name_55,25
56,Name_56,26
57,Name_57,27
58,Name_58,28
59,Name_59,29
60,Name_60,20
61,Name_61,21
62,Name_62,22
63,Name_63,23
64,Name_64,24
65,Name_65,25
66,Name_66,26
67,Name_67,27
68,Name_68,28
69,Name_69,29
70,Name_70,20
71,Name_71,21
72,Name_72,22
73,Name_73,23
74,Name_74,24
75,Name_75,25
76,Name_76,26
77,Name_77,27
78,Name_78,28
79,Name_79,29
80,Name_80,20
81,Name_81,21
82,Name_82,22
83,Name_83,23
84,Name_84,24
85,Name_85,25
86,Name_86,26
87,Name_87,27
88,Name_88,28
89,Name_89,29
90,Name_90,20
91,Name_91,21
92,Name_92,22
93,Name_93,23
94,Name_94,24
95,Name_95,25
96,Name_96,26
97,Name_97,27
98,Name_98,28
99,Name_99,29
100,Name_100,20
101,Name_101,21
102,Name_102,22
103,Name_103,23
104,Name_104,24
105,Name_105,25
106,Name_106,26
107,Name_107,27
108,Name_108,28
109,Name_109,29
110,Name_110,20
111,Name_111,21
112,Name_112,22
113,Name_113,23
114,Name_114,24
115,Name_115,25
116,Name_116,26
117,Name_117,27
118,Name_118,28
119,Name_119,29
120,Name_120,20
121,Name_121,21
122,Name_122,22
123,Name_123,23
124,Name_124,24
125,Name_125,25
126,Name_126,26
127,Name_127,27
128,Name_128,28
129,Name_129,29
130,Name_130,20
131,Name_131,21
132,Name_132,22
133,Name_133,23
134,Name_134,24
135,Name_135,25
136,Name_136,26
137,Name_137,27
138,Name_138,28
139,Name_139,29
140,Name_140,20
141,Name_141,21
142,Name_142,22
143,Name_143,23
144,Name_144,24
145,Name_145,25
146,Name_146,26
147,Name_147,27
148,Name_148,28
149,Name_149,29
150,Name_150,20
151,Name_151,21
152,Name_152,22
153,Name_153,23
154,Name_154,24
155,Name_155,25
156,Name_156,26
157,Name_157,27
158,Name_158,28
159,Name_159,29
160,Name_160,20
161,Name_161,21
162,Name_162,22
163,Name_163,23
164,Name_164,24
165,Name_165,25
166,Name_166,26
167,Name_167,27
168,Name_168,28
169,Name_169,29
170,Name_170,20
171,Name_171,21
172,Name_172,22
173,Name_173,23
174,Name_174,24
175,Name_175,25
176,Name_176,26
177,Name_177,27
178,Name_178,28
179,Name_179,29
180,Name_180,20
181,Name_181,21
182,Name_182,22
183,Name_183,23
184,Name_184,24
185,Name_185,25
186,Name_186,26
187,Name_187,27
188,Name_188,28
189,Name_189,29
190,Name_190,20
191,Name_191,21
192,Name_192,22
193,Name_193,23
194,Name_194,24
195,Name_195,25
196,Name_196,26
197,Name_197,27
198,Name_198,28
199,Name_199,29
200,Name_200,20
201,Name_201,21
202,Name_202,22
203,Name_203,23
204,Name_204,24
205,Name_205,25
206,Name_206,26
207,Name_207,27
208,Name_208,28
209,Name_209,29
210,Name_210,20
211,Name_211,21
212,Name_212,22
213,Name_213,23
214,Name_214,24
215,Name_215,25
216,Name_216,26
217,Name_217,27
218,Name_218,28
219,Name_219,29
220,Name_220,20
221,Name_221,21
222,Name_222,22
223,Name_223,23
224,Name_224,24
225,Name_225,25
226,Name_226,26
227,Name_227,27
228,Name_228,28
229,Name_229,29
230,Name_230,20
231,Name_231,21
232,Name_232,22
233,Name_233,23
234,Name_234,24
235,Name_235,25
236,Name_236,26
237,Name_237,27
238,Name_238,28
239,Name_239,29
240,Name_240,20
241,Name_241,21
242,Name_242,22
243,Name_243,23
244,Name_244,24
245,Name_245,25
246,Name_246,26
247,Name_247,27
248,Name_248,28
249,Name_249,29
250,Name_250,20
251,Name_251,21
252,Name_252,22
253,Name_253,23
254,Name_254,24
255,Name_255,25
256,Name_256,26
257,Name_257,27
258,Name_258,28
259,Name_259,29
260,Name_260,20
261,Name_261,21
262,Name_262,22
263,Name_263,23
264,Name_264,24
265,Name_265,25
266,Name_266,26
267,Name_267,27
268,Name_268,28
269,Name_269,29
270,Name_270,20
271,Name_271,21
272,Name_272,22
273,Name_273,23
274,Name_274,24
275,Name_275,25
276,Name_276,26
277,Name_277,27
278,Name_278,28
279,Name_279,29
280,Name_280,20
281,Name_281,21
282,Name_282,22
283,Name_283,23
284,Name_284,24
285,Name_285,25
286,Name_286,26
287,Name_287,27
288,Name_288,28
289,Name_289,29
290,Name_290,20
291,Name_291,21
292,Name_292,22
293,Name_293,23
294,Name_294,24
295,Name_295,25
296,Name_296,26
297,Name_297,27
298,Name_298,28
299,Name_299,29
300,Name_300,20
301,Name_301,21
302,Name_302,22
303,Name_303,23
304,Name_304,24
305,Name_305,25
306,Name_306,26
307,Name_307,27
308,Name_308,28
309,Name_309,29
310,Name_310,20
311,Name_311,21
312,Name_312,22
313,Name_313,23
314,Name_314,24
315,Name_315,25
316,Name_316,26
317,Name_317,27
318,Name_318,28
319,Name_319,29
320,Name_320,20
321,Name_321,21
322,Name_322,22
323,Name_323,23
324,Name_324,24
325,Name_325,25
326,Name_326,26
327,Name_327,27
328,Name_328,28
329,Name_329,29
330,Name_330,20
331,Name_331,21
332,Name_332,22
333,Name_333,23
334,Name_334,24
335,Name_335,25
336,Name_336,26
337,Name_337,27
338,Name_338,28
339,Name_339,29
340,Name_340,20
341,Name_341,21
342,Name_342,22
343,Name_343,23
344,Name_344,24
345,Name_345,25
346,Name_346,26
347,Name_347,27
348,Name_348,28
349,Name_349,29
350,Name_350,20
351,Name_351,21
352,Name_352,22
353,Name_353,23
354,Name_354,24
355,Name_355,25
356,Name_356,26
357,Name_357,27
358,Name_358,28
359,Name_359,29
360,Name_360,20
361,Name_361,21
362,Name_362,22
363,Name_363,23
364,Name_364,24
365,Name_365,25
366,Name_366,26
367,Name_367,27
368,Name_368,28
369,Name_369,29
370,Name_370,20
371,Name_371,21
372,Name_372,22
373,Name_373,23
374,Name_374,24
375,Name_375,25
376,Name_376,26
377,Name_377,27
378,Name_378,28
379,Name_379,29
380,Name_380,20
381,Name_381,21
382,Name_382,22
383,Name_383,23
384,Name_384,24
385,Name_385,25
386,Name_386,26
387,Name_387,27
388,Name_388,28
389,Name_389,29
390,Name_390,20
391,Name_391,21
392,Name_392,22
393,Name_393,23
394,Name_394,24
395,Name_395,25
396,Name_396,26
397,Name_397,27
398,Name_398,28
399,Name_399,29
400,Name_400,20
401,Name_401,21
402,Name_402,22
403,Name_403,23
404,Name_404,24
405,Name_405,25
406,Name_406,26
407,Name_407,27
408,Name_408,28
409,Name_409,29
410,Name_410,20
411,Name_411,21
412,Name_412,22
413,Name_413,23
414,Name_414,24
415,Name_415,25
416,Name_416,26
417,Name_417,27
418,Name_418,28
419,Name_419,29
420,Name_420,20
421,Name_421,21
422,Name_422,22
423,Name_423,23
424,Name_424,24
425,Name_425,25
426,Name_426,26
427,Name_427,27
428,Name_428,28
429,Name_429,29
430,Name_430,20
431,Name_431,21
432,Name_432,22
433,Name_433,23
434,Name_434,24
435,Name_435,25
436,Name_436,26
437,Name_437,27
438,Name_438,28
439,Name_439,29
440,Name_440,20
441,Name_441,21
442,Name_442,22
443,Name_443,23
444,Name_444,24
445,Name_445,25
446,Name_446,26
447,Name_447,27
448,Name_448,28
449,Name_449,29
450,Name_450,20
451,Name_451,21
452,Name_452,22
453,Name_453,23
454,Name_454,24
455,Name_455,25
456,Name_456,26
457,Name_457,27
458,Name_458,28
459,Name_459,29
460,Name_460,20
461,Name_461,21
462,Name_462,22
463,Name_463,23
464,Name_464,24
465,Name_465,25
466,Name_466,26
467,Name_467,27
468,Name_468,28
469,Name_469,29
470,Name_470,20
471,Name_471,21
472,Name_472,22
473,Name_473,23
474,Name_474,24
475,Name_475,25
476,Name_476,26
477,Name_477,27
478,Name_478,28
479,Name_479,29
480,Name_480,20
481,Name_481,21
482,Name_482,22
483,Name_483,23
484,Name_484,24
485,Name_485,25
486,Name_486,26
487,Name_487,27
488,Name_488,28
489,Name_489,29
490,Name_490,20
491,Name_491,21
492,Name_492,22
493,Name_493,23
494,Name_494,24
495,Name_495,25
496,Name_496,26
497,Name_497,27
498,Name_498,28
499,Name_499,29
500,Name_500,20
501,Name_501,21
502,Name_502,22
503,Name_503,23
504,Name_504,24
505,Name_505,25
506,Name_506,26
507,Name_507,27
508,Name_508,28
509,Name_509,29
510,Name_510,20
511,Name_511,21
512,Name_512,22
513,Name_513,23
514,Name_514,24
515,Name_515,25
516,Name_516,26
517,Name_517,27
518,Name_518,28
519,Name_519,29
520,Name_520,20
521,Name_521,21
522,Name_522,22
523,Name_523,23
524,Name_524,24
525,Name_525,25
526,Name_526,26
527,Name_527,27
528,Name_528,28
529,Name_529,29
530,Name_530,20
531,Name_531,21
532,Name_532,22
533,Name_533,23
534,Name_534,24
535,Name_535,25
536,Name_536,26
537,Name_537,27
538,Name_538,28
539,Name_539,29
540,Name_540,20
541,Name_541,21
542,Name_542,22
543,Name_543,23
544,Name_544,24
545,Name_545,25
546,Name_546,26
547,Name_547,27
548,Name_548,28
549,Name_549,29
550,Name_550,20
551,Name_551,21
552,Name_552,22
553,Name_553,23
554,Name_554,24
555,Name_555,25
556,Name_556,26
557,Name_557,27
558,Name_558,28
559,Name_559,29
560,Name_560,20
561,Name_561,21
562,Name_562,22
563,Name_563,23
564,Name_564,24
565,Name_565,25
566,Name_566,26
567,Name_567,27
568,Name_568,28
569,Name_569,29
570,Name_570,20
571,Name_571,21
572,Name_572,22
573,Name_573,23
574,Name_574,24
575,Name_575,25
576,Name_576,26
577,Name_577,27
578,Name_578,28
579,Name_579,29
580,Name_580,20
581,Name_581,21
582,Name_582,22
583,Name_583,23
584,Name_584,24
585,Name_585,25
586,Name_586,26
587,Name_587,27
588,Name_588,28
589,Name_589,29
590,Name_590,20
591,Name_591,21
592,Name_592,22
593,Name_593,23
594,Name_594,24
595,Name_595,25
596,Name_596,26
597,Name_597,27
598,Name_598,28
599,Name_599,29
600,Name_600,20
601,Name_601,21
602,Name_602,22
603,Name_603,23
604,Name_604,24
605,Name_605,25
606,Name_606,26
607,Name_607,27
608,Name_608,28
609,Name_609,29
610,Name_610,20
611,Name_611,21
612,Name_612,22
613,Name_613,23
614,Name_614,24
615,Name_615,25
616,Name_616,26
617,Name_617,27
618,Name_618,28
619,Name_619,29
620,Name_620,20
621,Name_621,21
622,Name_622,22
623,Name_623,23
624,Name_624,24
625,Name_625,25
626,Name_626,26
627,Name_627,27
628,Name_628,28
629,Name_629,29
630,Name_630,20
631,Name_631,21
632,Name_632,22
633,Name_633,23
634,Name_634,24
635,Name_635,25
636,Name_636,26
637,Name_637,27
638,Name_638,28
639,Name_639,29
640,Name_640,20
641,Name_641,21
642,Name_642,22
643,Name_643,23
644,Name_644,24
645,Name_645,25
646,Name_646,26
647,Name_647,27
648,Name_648,28
649,Name_649,29
650,Name_650,20
651,Name_651,21
652,Name_652,22
653,Name_653,23
654,Name_654,24
655,Name_655,25
656,Name_656,26
657,Name_657,27
658,Name_658,28
659,Name_659,29
660,Name_660,20
661,Name_661,21
662,Name_662,22
663,Name_663,23
664,Name_664,24
665,Name_665,25
666,Name_666,26
667,Name_667,27
668,Name_668,28
669,Name_669,29
670,Name_670,20
671,Name_671,21
672,Name_672,22
673,Name_673,23
674,Name_674,24
675,Name_675,25
676,Name_676,26
677,Name_677,27
678,Name_678,28
679,Name_679,29
680,Name_680,20
681,Name_681,21
682,Name_682,22
683,Name_683,23
684,Name_684,24
685,Name_685,25
686,Name_686,26
687,Name_687,27
688,Name_688,28
689,Name_689,29
690,Name_690,20
691,Name_691,21
692,Name_692,22
693,Name_693,23
694,Name_694,24
695,Name_695,25
696,Name_696,26
697,Name_697,27
698,Name_698,28
699,Name_699,29
700,Name_700,20
701,Name_701,21
702,Name_702,22
703,Name_703,23
704,Name_704,24
705,Name_705,25
706,Name_706,26
707,Name_707,27
708,Name_708,28
709,Name_709,29
710,Name_710,20
711,Name_711,21
712,Name_712,22
713,Name_713,23
714,Name_714,24
715,Name_715,25
716,Name_716,26
717,Name_717,27
718,Name_718,28
719,Name_719,29
720,Name_720,20
721,Name_721,21
722,Name_722,22
723,Name_723,23
724,Name_724,24
725,Name_725,25
726,Name_726,26
727,Name_727,27
728,Name_728,28
729,Name_729,29
730,Name_730,20
731,Name_731,21
732,Name_732,22
733,Name_733,23
734,Name_734,24
735,Name_735,25
736,Name_736,26
737,Name_737,27
738,Name_738,28
739,Name_739,29
740,Name_740,20
741,Name_741,21
742,Name_742,22
743,Name_743,23
744,Name_744,24
745,Name_745,25
746,Name_746,26
747,Name_747,27
748,Name_748,28
749,Name_749,29
750,Name_750,20
751,Name_751,21
752,Name_752,22
753,Name_753,23
754,Name_754,24
755,Name_755,25
756,Name_756,26
757,Name_757,27
758,Name_758,28
759,Name_759,29
760,Name_760,20
761,Name_761,21
762,Name_762,22
763,Name_763,23
764,Name_764,24
765,Name_765,25
766,Name_766,26
767,Name_767,27
768,Name_768,28
769,Name_769,29
770,Name_770,20
771,Name_771,21
772,Name_772,22
773,Name_773,23
774,Name_774,24
775,Name_775,25
776,Name_776,26
777,Name_777,27
778,Name_778,28
779,Name_779,29
780,Name_780,20
781,Name_781,21
782,Name_782,22
783,Name_783,23
784,Name_784,24
785,Name_785,25
786,Name_786,26
787,Name_787,27
788,Name_788,28
789,Name_789,29
790,Name_790,20
791,Name_791,21
792,Name_792,22
793,Name_793,23
794,Name_794,24
795,Name_795,25
796,Name_796,26
797,Name_797,27
798,Name_798,28
799,Name_799,29
800,Name_800,20
801,Name_801,21
802,Name_802,22
803,Name_803,23
804,Name_804,24
805,Name_805,25
806,Name_806,26
807,Name_807,27
808,Name_808,28
809,Name_809,29
810,Name_810,20
811,Name_811,21
812,Name_812,22
813,Name_813,23
814,Name_814,24
815,Name_815,25
816,Name_816,26
817,Name_817,27
818,Name_818,28
819,Name_819,29
820,Name_820,20
821,Name_821,21
822,Name_822,22
823,Name_823,23
824,Name_824,24
825,Name_825,25
826,Name_826,26
827,Name_827,27
828,Name_828,28
829,Name_829,29
830,Name_830,20
831,Name_831,21
832,Name_832,22
833,Name_833,23
834,Name_834,24
835,Name_835,25
836,Name_836,26
837,Name_837,27
838,Name_838,28
839,Name_839,29
840,Name_840,20
841,Name_841,21
842,Name_842,22
843,Name_843,23
844,Name_844,24
845,Name_845,25
846,Name_846,26
847,Name_847,27
848,Name_848,28
849,Name_849,29
850,Name_850,20
851,Name_851,21
852,Name_852,22
853,Name_853,23
854,Name_854,24
855,Name_855,25
856,Name_856,26
857,Name_857,27
858,Name_858,28
859,Name_859,29
860,Name_860,20
861,Name_861,21
862,Name_862,22
863,Name_863,23
864,Name_864,24
865,Name_865,25
866,Name_866,26
867,Name_867,27
868,Name_868,28
869,Name_869,29
870,Name_870,20
871,Name_871,21
872,Name_872,22
873,Name_873,23
874,Name_874,24
875,Name_875,25
876,Name_876,26
877,Name_877,27
878,Name_878,28
879,Name_879,29
880,Name_880,20
881,Name_881,21
882,Name_882,22
883,Name_883,23
884,Name_884,24
885,Name_885,25
886,Name_886,26
887,Name_887,27
888,Name_888,28
889,Name_889,29
890,Name_890,20
891,Name_891,21
892,Name_892,22
893,Name_893,23
894,Name_894,24
895,Name_895,25
896,Name_896,26
897,Name_897,27
898,Name_898,28
899,Name_899,29
900,Name_900,20
901,Name_901,21
902,Name_902,22
903,Name_903,23
904,Name_904,24
905,Name_905,25
906,Name_906,26
907,Name_907,27
908,Name_908,28
909,Name_909,29
910,Name_910,20
911,Name_911,21
912,Name_912,22
913,Name_913,23
914,Name_914,24
915,Name_915,25
916,Name_916,26
917,Name_917,27
918,Name_918,28
919,Name_919,29
920,Name_920,20
921,Name_921,21
922,Name_922,22
923,Name_923,23
924,Name_924,24
925,Name_925,25
926,Name_926,26
927,Name_927,27
928,Name_928,28
929,Name_929,29
930,Name_930,20
931,Name_931,21
932,Name_932,22
933,Name_933,23
934,Name_934,24
935,Name_935,25
936,Name_936,26
937,Name_937,27
938,Name_938,28
939,Name_939,29
940,Name_940,20
941,Name_941,21
942,Name_942,22
943,Name_943,23
944,Name_944,24
945,Name_945,25
946,Name_946,26
947,Name_947,27
948,Name_948,28
949,Name_949,29
950,Name_950,20
951,Name_951,21
952,Name_952,22
953,Name_953,23
954,Name_954,24
955,Name_955,25
956,Name_956,26
957,Name_957,27
958,Name_958,28
959,Name_959,29
960,Name_960,20
961,Name_961,21
962,Name_962,22
963,Name_963,23
964,Name_964,24
965,Name_965,25
966,Name_966,26
967,Name_967,27
968,Name_968,28
969,Name_969,29
970,Name_970,20
971,Name_971,21
972,Name_972,22
973,Name_973,23
974,Name_974,24
975,Name_975,25
976,Name_976,26
977,Name_977,27
978,Name_978,28
979,Name_979,29
980,Name_980,20
981,Name_981,21
982,Name_982,22
983,Name_983,23
984,Name_984,24
985,Name_985,25
986,Name_986,26
987,Name_987,27
988,Name_988,28
989,Name_989,29
990,Name_990,20
991,Name_991,21
992,Name_992,22
993,Name_993,23
994,Name_994,24
995,Name_995,25
996,Name_996,26
997,Name_997,27
998,Name_998,28
999,Name_999,29
1000,Name_1000,20
